nhl_id,player,team,positions,games,note
8477493,Aleksander Barkov,FLA,C,,
8485406,Porter Martone,PHI,RW,,
8484227,Will Smith,SJS,LW|RW,,
8486067,Gavin McKenna,TOR,LW,,
8484762,Beckett Sennecke,ANA,RW,,
8484984,Ivan Demidov,MTL,RW,,
8485391,Anton Frondell,CHI,C,,
8483516,Jimmy Snuggerud,STL,RW,,
8484873,Cole Hutson,WSH,D,,
8476455,Gabriel Landeskog,COL,LW|RW,,
8482702,Logan Stankoven,CAR,C|RW,,
8484210,Gabe Perreault,NYR,RW,,
8481533,Trevor Zegras,PHI,C|LW|RW,,
8483495,Simon Nemec,CGY,D,,
8482100,Alexander Nikishin,CAR,D,,not on a current NHL roster
8482149,Cole Perfetti,WPG,LW|RW,,
8485402,Michael Misa,SJS,C,,
8478445,Mathew Barzal,NYI,C|RW,,not on a current NHL roster
8478458,Jack Roslovic,TOR,C|RW,,
8477511,Anthony Mantha,NJD,LW|RW,,
8471215,Evgeni Malkin,PIT,C|LW|RW,,
8482475,Egor Chinakhov,PIT,LW|RW,,
8479400,Pierre-Luc Dubois,WSH,C|LW,,
8476854,Hampus Lindholm,BOS,D,,
8475692,Mats Zuccarello,LAK,RW,,
8484186,Ryan Leonard,WSH,RW,,
8484994,Igor Chernyshov,SJS,LW|RW,,
8482159,Tyson Foerster,PHI,LW|RW,,
8482142,Jamie Drysdale,PHI,D,,
8484783,Artyom Levshunov,CHI,D,,
8480891,Michael Kesselring,SJS,D,,
8484829,Justin Hryckowian,DAL,C|LW,,
8484390,Roman Kantserov,CHI,RW,,
8484145,Zach Benson,BUF,LW,,
8484768,Zayne Parekh,CGY,D,,
8486103,Ivar Stenberg,SJS,LW,,
8484152,Luca Cagnoni,SJS,D,,
8477465,Tristan Jarry,EDM,G,,
8484798,Zeev Buium,VAN,D,,
8483703,Sergei Murashov,PIT,G,,
8482221,Devon Levi,EDM,G,,
8484806,Sam Dickinson,SJS,D,,
8482733,Logan Mailloux,STL,D,,
8481611,Pyotr Kochetkov,CAR,G,,
